<?xml version="1.0" encoding="UTF-8"?>
        
<!--
CacheManager Configuration
==========================
An ehcache.xml corresponds to a single CacheManager.

See instructions below or the ehcache schema (ehcache.xsd) on how to configure.

System property tokens can be specified in this file which are replaced when the configuration
is loaded. For example multicastGroupPort=${multicastGroupPort} can be replaced with the
System property either from an environment variable or a system property specified with a
command line switch such as -DmulticastGroupPort=4446.

The attributes of <ehcache> are:
* name - an optional name for the CacheManager.  The name is optional and primarily used 
for documentation or to distinguish Terracotta clustered cache state.  With Terracotta 
clustered caches, a combination of CacheManager name and cache name uniquely identify a 
particular cache store in the Terracotta clustered memory.
* updateCheck - an optional boolean flag specifying whether this CacheManager should check
for new versions of Ehcache over the Internet.  If not specified, updateCheck="true".
* monitoring - an optional setting that determines whether the CacheManager should 
automatically register the SampledCacheMBean with the system MBean server.  Currently,
this monitoring is only useful when using Terracotta and thus the "autodetect" value 
will detect the presence of Terracotta and register the MBean.  Other allowed values 
are "on" and "off".  The default is "autodetect".
-->    
<ehcache xmlns:xsi="http://www.w3.org/2001/XMLSchema-instance"
         xsi:noNamespaceSchemaLocation="ehcache.xsd"
             updateCheck="false" monitoring="autodetect" name="userLookupCache">

    <defaultCache
            maxElementsInMemory="10000"
            eternal="false"
            timeToIdleSeconds="10000"
            timeToLiveSeconds="100000"
            overflowToDisk="true"
            diskSpoolBufferSizeMB="30"
            maxElementsOnDisk="10000000"
            diskPersistent="false"
            diskExpiryThreadIntervalSeconds="120"
            memoryStoreEvictionPolicy="LRU"
            />

    <cache name="BasicAuthCache"
           maxElementsInMemory="2000"
           timeToIdleSeconds="100"
           timeToLiveSeconds="300"
           overflowToDisk="false"
           diskPersistent="false"
           memoryStoreEvictionPolicy="LFU"
            />

    <cache name="UserLookupCache"
           maxElementsInMemory="3000"
           maxElementsOnDisk="70000"
           overflowToDisk="true"
           diskPersistent="true"
           diskSpoolBufferSizeMB="20"
           memoryStoreEvictionPolicy="LFU"
            />
            
    <cache name="WebgroupCache"
           maxElementsInMemory="2000"
           maxElementsOnDisk="100000"
           overflowToDisk="true"
           diskPersistent="true"
           diskSpoolBufferSizeMB="20"
           memoryStoreEvictionPolicy="LFU"
            />
            
    <cache name="InWebgroupCache"
           maxElementsInMemory="2000"
           maxElementsOnDisk="100000"
           overflowToDisk="true"
           diskPersistent="true"
           diskSpoolBufferSizeMB="20"
           memoryStoreEvictionPolicy="LFU"
            />
            
    <cache name="WebgroupMemberCache"
           maxElementsInMemory="2000"
           maxElementsOnDisk="100000"
           overflowToDisk="true"
           diskPersistent="true"
           diskSpoolBufferSizeMB="20"
           memoryStoreEvictionPolicy="LFU"
            />
            
    <cache name="UserGroupsCache"
           maxElementsInMemory="2000"
           maxElementsOnDisk="100000"
           overflowToDisk="true"
           diskPersistent="true"
           diskSpoolBufferSizeMB="20"
           memoryStoreEvictionPolicy="LFU"
            />
            
    <cache name="OAuthConsumerCache"
           maxElementsInMemory="2000"
           maxElementsOnDisk="10000"
           overflowToDisk="true"
           diskPersistent="true"
           diskSpoolBufferSizeMB="20"
           memoryStoreEvictionPolicy="LFU"
            />
            
    <cache name="OAuthTokenCache"
           maxElementsInMemory="2000"
           maxElementsOnDisk="10000"
           overflowToDisk="true"
           diskPersistent="true"
           diskSpoolBufferSizeMB="20"
           memoryStoreEvictionPolicy="LFU"
            />

        
    <!-- 
    DiskStore configuration
    =======================

    The diskStore element is optional. To turn off disk store path creation, comment out the diskStore
    element below.

    Configure it if you have overflowToDisk or diskPersistent enabled for any cache.

    If it is not configured, and a cache is created which requires a disk store, a warning will be
     issued and java.io.tmpdir will automatically be used.

    diskStore has only one attribute - "path". It is the path to the directory where
    .data and .index files will be created.

    If the path is one of the following Java System Property it is replaced by its value in the
    running VM. For backward compatibility these are not specified without being enclosed in the ${token}
    replacement syntax.

    The following properties are translated:
    * user.home - User's home directory
    * user.dir - User's current working directory
    * java.io.tmpdir - Default temp file path
    * ehcache.disk.store.dir - A system property you would normally specify on the command line
      e.g. java -Dehcache.disk.store.dir=/u01/myapp/diskdir ...

    Subdirectories can be specified below the property e.g. java.io.tmpdir/one

    -->
    <diskStore path="${userlookup.disk.store.dir}/userlookup"/>

</ehcache>
